v01-hook	Ever wished you could draw? Not stick figures, but a real picture you'd be proud of? Grab a pen and a sheet of paper. I'll show you how.
v02-meet	This is Paper Coach, and I'm Lina, your drawing teacher. I show you a picture one line at a time, and you draw it on real paper, at your own pace.
v03-kit	All you need is a pen, one sheet of paper, and about five minutes. The pen you already own is the right pen.
v04-pick	First, pick something you'd love to draw. Let's try a hot air balloon.
v05-preview	Every lesson shows you the picture, how long it takes, and how many steps there are.
v06-intro	When you start, the whole drawing comes together first, so you can see where we're going.
v07-steps	Then we take it one step at a time. Watch me draw a line, draw it on your paper, and tap, I drew it.	Then we take it one step at a time. Watch me draw a line, draw it on your paper, and tap “I drew it.”
v08-wait	Take as long as you like. I'll wait for you, every single step.
v09-color	When the lines are done, grab some colors, and finish it in full color.
v10-done	And there it is: a hot air balloon, drawn by you, in just a few minutes.
v11-photo	Snap a photo of your page. Bright and Scan make it shine, even in dim light.
v12-keep	Every drawing you make is kept in your sketchbook, so you can see how far you've come.
v13-wall	There are a hundred and ten lessons to draw, on eleven paths.
v14-paths	Plants and fruits, the sky and the weather, food and treats, things with wheels, boats, planes, space, landscapes, and a walk around town.
v15-levels	Every path starts simple, and levels up one new idea at a time: from a little pine tree, all the way to a twisted bonsai.
v16-free	The first three lessons of every path are free. That's thirty-three drawings, like a school bus, a donut, and a little tugboat.
v17-premium	Ready for more? Premium unlocks all one hundred and ten lessons.
v18-premium2	A pirate ship, a bowl of ramen, a waterfall, a monster truck, a sunflower, and a cozy little café.
v19-ipad	Paper Coach works on iPhone and on iPad. On iPad, set it down any way you like.
v20-studio	Lay it on its side, and I stand right beside your paper, with the whole picture and every step in view.
v21-upright	Stand it up, and your drawing gets a whole sheet of paper.
v22-family	Drawing with family? Everyone gets their own profile, with their own progress and their own sketchbook.
v23-reminder	A gentle daily reminder helps you keep going. It's a small note, not a streak: skip a day, and nothing is lost.
v24-quiet	And if you'd rather draw in quiet, turn my voice off. Every step is written on the screen too.
v25-tips	Before you start, a few tips. Put your phone next to your paper, where you can see every step.
v26-tips2	Don't worry about perfect lines. Wobbly is fine, and every drawing makes the next one easier.
v27-end	Paper Coach is free to download, with three free lessons on every path. So grab a pen, and let's draw together!
v18b-premium3	Every one comes together step by step, just like the balloon.
